Student_ID,Branch,Python_Score,SQL_Score,Aptitude_Score,Communication_Score,Projects_Completed,Mock_Interviews_Attended
1,MECH,50,61,81,69,0,2
2,CSE,43,48,58,73,5,5
3,ECE,48,81,46,46,2,4
4,IT,51,54,40,45,1,0
5,ECE,42,43,91,54,5,1
6,IT,83,80,86,78,5,4
7,ECE,82,68,69,83,3,2
8,ECE,90,95,94,41,2,2
9,MECH,53,55,48,47,0,2
10,IT,95,82,86,41,0,3
11,ECE,43,77,41,84,2,1
12,CSE,62,44,57,47,4,1
13,ECE,81,45,88,72,0,1
14,ECE,71,71,86,77,5,0
15,ECE,84,59,69,64,3,4
16,CSE,95,80,49,92,4,1
17,ECE,64,92,78,86,4,0
18,ECE,93,90,75,47,2,3
19,CSE,95,52,63,84,4,3
20,IT,93,51,73,59,2,0
21,CSE,42,70,62,40,2,1
22,MECH,76,55,71,75,1,3
23,ECE,73,77,53,44,1,3
24,ECE,94,86,88,45,0,1
25,IT,92,78,65,56,5,3
26,MECH,85,87,92,41,0,5
27,ECE,86,55,42,60,2,5
28,IT,60,87,55,79,4,4
29,MECH,74,75,74,56,3,1
30,IT,41,53,84,85,1,3
31,IT,91,95,74,83,5,5
32,MECH,61,40,40,74,4,3
33,MECH,57,47,83,49,3,3
34,CSE,87,84,93,75,2,3
35,CSE,80,71,76,83,3,2
36,ECE,58,83,92,83,5,1
37,CSE,92,86,58,80,1,4
38,IT,63,81,71,88,3,2
39,IT,47,73,77,79,2,4
40,MECH,61,72,63,65,2,2
41,MECH,72,69,60,69,4,3
42,ECE,70,40,47,72,2,4
43,IT,55,87,82,84,5,1
44,ECE,71,41,57,77,2,1
45,CSE,48,66,48,57,2,5
46,IT,83,81,62,76,0,1
47,CSE,92,86,69,67,5,3
48,CSE,44,86,62,40,5,1
49,IT,92,69,51,73,3,2
50,ECE,95,70,90,62,2,1
51,ECE,43,52,54,94,3,0
52,CSE,94,82,67,45,0,3
53,IT,46,93,41,41,2,2
54,MECH,81,47,78,64,4,1
55,IT,69,46,53,89,4,2
56,IT,64,92,67,65,4,1
57,MECH,95,67,43,50,5,2
58,IT,77,42,83,78,1,1
59,ECE,62,41,63,48,2,2
60,IT,42,79,76,85,3,5
61,CSE,77,48,58,59,4,4
62,MECH,85,88,67,83,2,3
63,CSE,71,43,76,49,0,0
64,CSE,77,89,41,90,4,4
65,MECH,74,57,82,48,1,2
66,IT,61,85,68,43,3,3
67,CSE,77,67,47,45,0,5
68,MECH,93,55,68,86,0,4
69,ECE,54,52,59,55,3,2
70,MECH,47,84,70,47,5,2
71,MECH,71,75,91,88,2,2
72,IT,88,54,51,90,5,0
73,ECE,70,80,67,61,4,2
74,IT,94,75,64,69,5,3
75,MECH,71,83,74,68,0,1
76,ECE,80,46,90,88,0,0
77,ECE,84,73,91,54,3,4
78,CSE,61,87,88,40,3,3
79,ECE,86,44,71,44,4,0
80,IT,62,59,46,95,0,4
81,IT,83,86,49,85,3,2
82,IT,89,74,62,41,3,1
83,IT,88,62,93,89,0,2
84,CSE,88,42,75,68,3,4
85,IT,73,84,42,86,1,3
86,CSE,64,50,63,50,4,4
87,IT,65,65,59,75,1,3
88,MECH,71,87,69,72,5,1
89,MECH,69,56,60,42,4,5
90,MECH,40,67,61,89,3,4
91,CSE,51,71,59,84,1,0
92,CSE,48,91,93,69,4,1
93,IT,51,83,66,44,1,2
94,IT,74,45,59,46,5,3
95,IT,86,92,66,44,5,5
96,ECE,47,87,73,45,5,1
97,CSE,82,87,42,93,4,1
98,CSE,62,45,75,64,1,0
99,MECH,79,82,56,75,1,2
100,CSE,87,48,50,87,3,2
